scenario,t,x,z,h,vx,vz,w,rpm,gear,steer,slip2
accel-kopeyka,0.250000000000000,0.00000000000000,0.171589165735632,0.00000000000000,0.00000000000000,1.37574639098601,0.00000000000000,3650.41293548017,1.00000000000000,0.00000000000000,0.326087724265744
accel-kopeyka,0.500000000000000,0.00000000000000,0.699895695089555,0.00000000000000,0.00000000000000,2.82442330669372,0.00000000000000,6713.40424110542,1.00000000000000,0.00000000000000,0.804196171798459
accel-kopeyka,0.750000000000000,0.00000000000000,1.58599635273550,0.00000000000000,0.00000000000000,4.23572763663925,0.00000000000000,6675.31825861982,1.00000000000000,0.00000000000000,0.994209173759215
accel-kopeyka,1.00000000000000,0.00000000000000,2.82200160189890,0.00000000000000,0.00000000000000,5.62710587906782,0.00000000000000,6532.76895955507,1.00000000000000,0.00000000000000,0.999842756616631
accel-kopeyka,1.25000000000000,0.00000000000000,4.40460334564121,0.00000000000000,0.00000000000000,7.00958887725808,0.00000000000000,6535.76210709521,1.00000000000000,0.00000000000000,0.999995730232512
accel-kopeyka,1.50000000000000,0.00000000000000,6.33220000246295,0.00000000000000,0.00000000000000,8.38795585001550,0.00000000000000,6545.12267520474,1.00000000000000,0.00000000000000,0.893985441766400
accel-kopeyka,1.75000000000000,0.00000000000000,8.60528019853754,0.00000000000000,0.00000000000000,9.77775893481765,0.00000000000000,6544.70639948288,1.00000000000000,0.00000000000000,0.527702564979752
accel-kopeyka,2.00000000000000,0.00000000000000,11.2348709992333,0.00000000000000,0.00000000000000,11.2631982033818,0.00000000000000,6513.88629099995,1.00000000000000,0.00000000000000,0.176456804808424
accel-kopeyka,2.25000000000000,0.00000000000000,14.2395611076233,0.00000000000000,0.00000000000000,12.5859264052330,0.00000000000000,5323.12700663044,2.00000000000000,0.00000000000000,0.0498925434927108
accel-kopeyka,2.50000000000000,0.00000000000000,17.4209605880075,0.00000000000000,0.00000000000000,13.2171100223486,0.00000000000000,4240.00408941267,2.00000000000000,0.00000000000000,0.0141069419163210
accel-kopeyka,2.75000000000000,0.00000000000000,20.9306339575640,0.00000000000000,0.00000000000000,14.8336758494291,0.00000000000000,4782.22824958628,2.00000000000000,0.00000000000000,0.00398868841512418
accel-kopeyka,3.00000000000000,0.00000000000000,24.8331890527412,0.00000000000000,0.00000000000000,16.3385005011070,0.00000000000000,5215.62878728658,2.00000000000000,0.00000000000000,0.00112778767838685
accel-kopeyka,3.25000000000000,0.00000000000000,29.0959457301116,0.00000000000000,0.00000000000000,17.7222898578185,0.00000000000000,5631.28100143212,2.00000000000000,0.00000000000000,0.000318878015815534
accel-kopeyka,3.50000000000000,0.00000000000000,33.6911830290724,0.00000000000000,0.00000000000000,19.0015999037634,0.00000000000000,6014.38646802502,2.00000000000000,0.00000000000000,0.0000901616420529582
accel-kopeyka,3.75000000000000,0.00000000000000,38.5938573992643,0.00000000000000,0.00000000000000,20.1846827540136,0.00000000000000,6366.73005161298,2.00000000000000,0.00000000000000,0.0000254928884855716
accel-kopeyka,4.00000000000000,0.00000000000000,43.7073967680985,0.00000000000000,0.00000000000000,20.5846617608580,0.00000000000000,4197.46371299148,3.00000000000000,0.00000000000000,0.00000720802492656541
accel-kopeyka,4.25000000000000,0.00000000000000,48.9939152007672,0.00000000000000,0.00000000000000,21.7124934351386,0.00000000000000,4537.84267064475,3.00000000000000,0.00000000000000,0.00000203804380077973
accel-kopeyka,4.50000000000000,0.00000000000000,54.5644949736350,0.00000000000000,0.00000000000000,22.8248822161093,0.00000000000000,4755.80178476699,3.00000000000000,0.00000000000000,5.76249746111224e-7
accel-kopeyka,4.75000000000000,0.00000000000000,60.4070344522775,0.00000000000000,0.00000000000000,23.8903466813723,0.00000000000000,4970.82578353611,3.00000000000000,0.00000000000000,1.62932597310326e-7
accel-kopeyka,5.00000000000000,0.00000000000000,66.5104340493204,0.00000000000000,0.00000000000000,24.9127887197309,0.00000000000000,5176.80124652371,3.00000000000000,0.00000000000000,4.60686211932230e-8
accel-kopeyka,5.25000000000000,0.00000000000000,72.8641593474399,0.00000000000000,0.00000000000000,25.8939114700732,0.00000000000000,5373.84678050806,3.00000000000000,0.00000000000000,1.30257412800119e-8
accel-kopeyka,5.50000000000000,0.00000000000000,79.4580841322550,0.00000000000000,0.00000000000000,26.8353070668389,0.00000000000000,5562.35327868241,3.00000000000000,0.00000000000000,3.68298272227791e-9
accel-kopeyka,5.75000000000000,0.00000000000000,86.2824727882791,0.00000000000000,0.00000000000000,27.7385100804902,0.00000000000000,5742.69928197327,3.00000000000000,0.00000000000000,1.04135046451538e-9
accel-kopeyka,6.00000000000000,0.00000000000000,93.3279663869278,0.00000000000000,0.00000000000000,28.6050006753842,0.00000000000000,5915.24531524918,3.00000000000000,0.00000000000000,2.94438196352901e-10
drift-ronin,0.250000000000000,-0.210553473142182,5.44178162130124,-0.0960020283223273,-1.87102474038465,21.4322967124431,-0.672344192855621,5612.57628901264,2.00000000000000,-0.239173754205192,0.00000000000000
drift-ronin,0.500000000000000,-0.951519643327349,10.6695643403630,-0.316449972993728,-3.78106049691140,20.1098364050738,-1.19109571389782,1137.70536410800,2.00000000000000,-0.112585599367265,0.877988178626591
drift-ronin,0.750000000000000,-2.07925915921198,15.4745830344346,-0.654947495104609,-5.22510447112150,18.3334331525657,-1.39429520780221,1970.34415273356,2.00000000000000,0.181306831935806,0.996686906012029
drift-ronin,1.00000000000000,-3.65815770189704,19.8301985799577,-0.989221256226982,-7.52936093903111,16.6823496903147,-1.32547069331793,5765.28965379069,2.00000000000000,0.357100751059652,0.999910036653420
drift-ronin,1.25000000000000,-5.86653882245079,23.8218554071029,-1.31988580053314,-10.0549697738128,15.1584224838128,-1.28974900773027,6204.02747885088,2.00000000000000,0.518648410798955,0.999997557146354
drift-ronin,1.50000000000000,-8.64181460519673,27.3199332298513,-1.62356263617900,-11.9645339131665,12.7290697981579,-1.14754897128388,4803.28388363008,2.00000000000000,0.639209385250403,0.999999933667053
drift-ronin,1.75000000000000,-11.7726994431346,30.1334261544253,-1.89101493307781,-12.9039542081439,9.79903785590969,-0.974703852606931,3798.94693085291,2.00000000000000,0.639209385250403,0.999999998198803
drift-ronin,2.00000000000000,-15.0250181505734,32.2020770945380,-2.10431930195951,-12.9866236612194,6.80388541978128,-0.729132199388694,3028.35652341921,2.00000000000000,0.639209385250403,0.999999999951091
drift-ronin,2.25000000000000,-18.2082281799954,33.5301648877956,-2.25287799990220,-12.3902724199494,3.89112833200053,-0.464413339252686,2467.51279599794,2.00000000000000,0.639209385250403,0.999999999998672
drift-ronin,2.50000000000000,-21.1758375142413,34.1472118722110,-2.33854910694119,-11.3046710527736,1.10935206043452,-0.238075210995299,2169.71125794732,2.00000000000000,0.639209385250403,0.999999999999964
drift-ronin,2.75000000000000,-23.8293328976642,34.0782591386651,-2.38474352166066,-9.90129182947700,-1.59949777051226,-0.168707886985943,2174.21149709756,2.00000000000000,0.499199602885088,0.999999999999999
drift-ronin,3.00000000000000,-26.1503228031966,33.3287421133980,-2.45517251625018,-8.83495726355181,-4.33859577832628,-0.474234193741016,3537.10837752916,2.00000000000000,0.260274151472642,0.999999999999999
drift-ronin,3.25000000000000,-28.2776005561512,31.9275913467390,-2.63917360704936,-8.18475622719638,-6.77619496582476,-0.941926667614090,5400.34527716162,2.00000000000000,0.166592773767659,0.999999999999999
drift-ronin,3.50000000000000,-30.2140336236962,29.9494680626857,-2.89945099765202,-7.24449025933580,-8.98095114931906,-1.10983932428566,7015.85093586401,2.00000000000000,0.212438845632090,0.999999999999999
drift-ronin,3.75000000000000,-31.8499406400811,27.4472513512406,-3.18658633950667,-5.75538627575484,-10.9508353938953,-1.16700001445275,7167.11861404011,2.00000000000000,0.301043665522073,0.999999999999999
drift-ronin,4.00000000000000,-33.0349126273432,24.4987000501702,-3.48219180133747,-3.67260462701447,-12.5349004932583,-1.19498032138440,7296.00224847975,2.00000000000000,0.395964193459418,0.999999999999999
drift-ronin,4.25000000000000,-33.6308693385484,21.2273519427942,-3.77912058799575,-1.04997021196836,-13.4732886968353,-1.16493765501487,6159.79569136138,2.00000000000000,0.487430585633269,0.999999999999999
drift-ronin,4.50000000000000,-33.5182958879535,17.8664145898037,-4.05226613781574,1.89689102611363,-13.1546820694929,-1.00194154984285,4344.28681883660,2.00000000000000,0.548315352485727,0.999999999999999
drift-ronin,4.75000000000000,-32.7075287750151,14.7667433014384,-4.28087442411179,4.44771186779060,-11.5166747693628,-0.836926504820042,3310.04042185510,2.00000000000000,0.559071921309305,0.999999999999999
drift-ronin,5.00000000000000,-31.3335168134264,12.1706077888840,-4.47279262368399,6.41902027692229,-9.21211496835377,-0.710834023213575,2816.99066843859,2.00000000000000,0.518340121094487,0.999999999999999
drift-ronin,5.25000000000000,-29.5255479488343,10.1958358562598,-4.64713122016944,7.97742602642015,-6.61177170005475,-0.716711271762687,2877.17306449018,2.00000000000000,0.422891942250091,0.999999999999999
drift-ronin,5.50000000000000,-27.3486140658720,8.86649433522363,-4.84465366903347,9.40545584786158,-4.10897415172766,-0.866729955648435,3911.26762194067,2.00000000000000,0.328447780549741,0.999999999999999
drift-ronin,5.75000000000000,-24.8301920332158,8.13491904317079,-5.08074705687195,10.6742989171685,-1.78927750291046,-1.01223805631079,5670.52084447104,2.00000000000000,0.308417355453473,0.999999999999999
drift-ronin,6.00000000000000,-22.0408253270480,7.99153123227968,-5.34567435226460,11.5394144102463,0.637437446266612,-1.09528468361793,6831.37591967099,2.00000000000000,0.347930984721833,0.999999999999999
drift-ronin,6.25000000000000,-19.1100815639268,8.48250595487474,-5.62436204948418,11.7805661526053,3.27720265326529,-1.12571321455928,6770.23773707856,2.00000000000000,0.410291145944133,0.999999999999999
drift-ronin,6.50000000000000,-16.2234505870075,9.64866651342910,-5.90375860115954,11.1531665688916,5.99580235272343,-1.09731380061770,5674.47556292008,2.00000000000000,0.470959205531007,0.999999999999999
drift-ronin,6.75000000000000,-13.6363095650168,11.4608038780625,-6.16404756650000,9.37067631395153,8.33622001539284,-0.970788877910403,4189.90193661310,2.00000000000000,0.505804605067860,0.999999999999999
drift-ronin,7.00000000000000,-11.6233193243743,13.7420074189404,-6.38938449595287,6.69312784568366,9.73283017858236,-0.850353573600060,3313.65641088131,2.00000000000000,0.496365717164073,0.999999999999999
flick-kupe86,0.250000000000000,0.173492436632296,5.36319118673469,0.0905235082765356,1.48369081539138,21.9603416531734,0.605927847635740,6372.33442885079,2.00000000000000,0.403404406959966,0.00000000000000
flick-kupe86,0.500000000000000,0.803651212555918,10.9485120736644,0.261241096087486,3.26699747439939,22.7415045436899,0.536311461751772,6990.23843260672,2.00000000000000,-0.188866080921952,0.109126793801643
flick-kupe86,0.750000000000000,1.64311378120559,16.7589926746239,0.241901237413200,3.75992633287736,23.7674229515704,-0.459829036072969,7101.75509418698,2.00000000000000,-0.125321312690103,0.121280538544649
flick-kupe86,1.00000000000000,2.53329838511137,22.8778558750476,0.0682731088952233,2.77620547861704,25.1557622651011,-0.818092828055642,7177.47184884842,2.00000000000000,-0.119631214735390,0.0342916474699160
flick-kupe86,1.25000000000000,2.87527616461913,29.2681915992430,-0.145848739768112,-0.0707982599679652,25.7570431204412,-0.868254352112064,7390.68310482202,2.00000000000000,0.00834943599636502,0.282116972492221
flick-kupe86,1.50000000000000,2.54756934513412,35.7142037161992,-0.328732896850870,-2.45501310379243,25.7694703770055,-0.580619704087481,7405.51210830472,2.00000000000000,0.152729349051296,0.678215919681249
flick-kupe86,1.75000000000000,1.63075483959583,42.1218401115696,-0.441969268051659,-4.84509847581860,25.4531684549106,-0.336808277163664,7281.39018468722,2.00000000000000,0.180257840372429,0.793288144235902
flick-kupe86,2.00000000000000,0.115830636942161,48.4286066654881,-0.500503616466121,-7.22592529380854,24.9826642677610,-0.122952891236086,7352.06400145233,2.00000000000000,0.161752255120946,0.711376170879037
flick-kupe86,2.25000000000000,-1.99753083387620,54.6086218942612,-0.501538980233651,-9.76539267409144,24.4376452485419,0.0223676464563583,7427.24111660528,2.00000000000000,-0.0118715111019521,0.417526534094749
flick-kupe86,2.50000000000000,-4.75767055226560,60.5588934751856,-0.509619301156613,-12.1969053929202,23.4020955334745,-0.279694665043105,5178.32583607932,3.00000000000000,-0.115124107911479,0.121194951436046
flick-kupe86,2.75000000000000,-8.13155999267569,66.3842686642226,-0.649254862725282,-14.8111708953951,23.0822038489405,-0.745708297529897,5613.10772355091,3.00000000000000,-0.100344047693712,0.0420586381761173
flick-kupe86,3.00000000000000,-12.1568787272456,72.0481635510090,-0.867084926272939,-17.2055742900003,22.2786527122742,-0.905817064012375,6186.78216164993,3.00000000000000,0.122300085187265,0.514992288464643
flick-kupe86,3.25000000000000,-16.7172331191379,77.5028147778516,-1.09101921070794,-19.2530811467349,21.2766287632142,-0.922295375214603,6728.64609728784,3.00000000000000,0.241634515869945,0.974681639006685
flick-kupe86,3.50000000000000,-21.7873255382802,82.6361294083679,-1.34056060941574,-21.2489411540667,19.7344195932182,-1.08085896029485,7069.79819138198,3.00000000000000,0.382455133334029,0.999312508340192
flick-kupe86,3.75000000000000,-27.3312149228090,87.3169709803166,-1.62096790430345,-23.0065540073565,17.6335543598874,-1.12390865954930,6658.08642513539,3.00000000000000,0.552815925663684,0.999981331936043
flick-kupe86,4.00000000000000,-33.2349648564713,91.3824929952883,-1.88974411038203,-24.0463725876894,14.8366264699933,-1.02278712700495,5238.00013883516,3.00000000000000,0.638930132570084,0.999999493089688
flick-kupe86,4.25000000000000,-39.2753971444152,94.7107334559241,-2.12143064971869,-24.1405664225510,11.8515284848169,-0.819206437677372,4174.55382314647,3.00000000000000,0.638930132570084,0.999999986235420
flick-kupe86,4.50000000000000,-45.2480647261737,97.3059736044205,-2.29378770559173,-23.5544476226449,8.98399628533035,-0.557486084537042,3330.41220561789,3.00000000000000,0.638930132570084,0.999999999626238
flick-kupe86,4.75000000000000,-51.0078235698229,99.2060283026116,-2.39645143545032,-22.4730318919622,6.29274293515534,-0.266581289636471,2697.49566744272,3.00000000000000,0.638930132570084,0.999999999989851
flick-kupe86,5.00000000000000,-56.4530429273472,100.455978392011,-2.42683585262138,-21.0763704440494,3.77234307403587,0.0135449180106842,2352.42813887941,3.00000000000000,0.638930132570084,0.999999999999724
flick-kupe86,5.25000000000000,-61.5308319333326,101.088715835500,-2.39288266419695,-19.5690529194724,1.33140429874786,0.242130107044162,2293.64569793026,3.00000000000000,0.638930132570084,0.999999999999993
flick-kupe86,5.50000000000000,-66.2385272725296,101.104658678032,-2.31574477624745,-18.1452069261723,-1.18124154894579,0.341820760912166,2463.49453508031,3.00000000000000,0.587209541109238,0.999999999999999
flick-kupe86,5.75000000000000,-70.6332196811143,100.473952814623,-2.23861036166964,-17.1870726450181,-3.85273691617793,0.228233563779614,3536.83452716875,3.00000000000000,0.374365681096191,0.999999999999999
flick-kupe86,6.00000000000000,-74.9026906798344,99.1829730602042,-2.21850316894159,-17.0602729065057,-6.36711401246064,-0.0696476502951947,4491.71027812321,3.00000000000000,0.218783068283190,0.983674751009477
brake-barin,0.250000000000000,0.00000000000000,7.57801002606904,0.00000000000000,0.00000000000000,30.6720733889737,0.00000000000000,4751.27178711580,3.00000000000000,0.00000000000000,0.00000000000000
brake-barin,0.500000000000000,0.00000000000000,15.3357809055950,0.00000000000000,0.00000000000000,31.3748285726673,0.00000000000000,4864.00523170386,3.00000000000000,0.00000000000000,0.00000000000000
brake-barin,0.750000000000000,0.00000000000000,23.2668040188114,0.00000000000000,0.00000000000000,32.0590494803837,0.00000000000000,4967.66883322666,3.00000000000000,0.00000000000000,0.00000000000000
brake-barin,1.00000000000000,0.00000000000000,31.3666874185818,0.00000000000000,0.00000000000000,32.7260689633509,0.00000000000000,5068.70141017881,3.00000000000000,0.00000000000000,0.00000000000000
brake-barin,1.25000000000000,0.00000000000000,39.3136538385806,0.00000000000000,0.00000000000000,30.7288421690255,0.00000000000000,4457.62051786315,3.00000000000000,0.00000000000000,0.00000000000000
brake-barin,1.50000000000000,0.00000000000000,46.7117252023402,0.00000000000000,0.00000000000000,28.4853949089770,0.00000000000000,4099.23079743626,3.00000000000000,0.00000000000000,0.00000000000000
brake-barin,1.75000000000000,0.126656054744501,53.5429677803266,0.0533226583469182,1.08058852256712,26.1959062956524,0.389477693845666,3742.67300891516,3.00000000000000,0.0674344268047011,0.00000000000000
brake-barin,2.00000000000000,0.598577132894616,59.7994908593778,0.178239329128523,2.75742745200824,23.9038367964426,0.565260651054020,3168.31775943792,3.00000000000000,0.0715229899393499,0.00000000000000
brake-barin,2.25000000000000,1.52055076658650,65.4865233533198,0.312538463629287,4.55826540203649,21.6139995750151,0.483959515652791,2368.59689522515,3.00000000000000,0.0374114542517208,0.128186547199936
brake-barin,2.50000000000000,2.86385401517130,70.5841578473551,0.415137976972306,6.12329849299278,19.1812822218262,0.338438939839812,1569.48767534642,3.00000000000000,0.0358831360839489,0.165524167819898
brake-barin,2.75000000000000,4.56458808871904,75.0597447077434,0.482567393247099,7.37972985603819,16.6639708021561,0.212796436737613,1354.54842358376,3.00000000000000,0.0854685737683035,0.0728275345142183
brake-barin,3.00000000000000,6.50032942049741,78.9024198482084,0.534025553578138,7.94688015880241,14.1031593226653,0.218472548039138,1472.23989227670,2.00000000000000,0.0944468825339637,0.0205917302943483
brake-barin,3.25000000000000,8.47592676358848,82.1031347297487,0.596807554948292,7.79493490690903,11.5796541833831,0.285220611855380,1475.01577961685,2.00000000000000,0.100415433187947,0.00582223961505107
brake-barin,3.50000000000000,10.3683566564381,84.6808988464756,0.674923335102472,7.31305262056144,9.02662683036549,0.355411433383349,1513.79035775967,1.00000000000000,0.106247632391209,0.00164621785787346
brake-barin,3.75000000000000,12.0857174975207,86.5912296078954,0.768561449921281,6.39428605591155,6.38594918374517,0.376125540291414,1618.11371016574,1.00000000000000,0.111971575436578,0.000465462333184600
brake-barin,4.00000000000000,13.5183358508276,87.8901431988994,0.854417799372985,4.99341641855784,4.09314606825718,0.300489166023666,1198.25983808499,1.00000000000000,0.116660936151394,0.000131607844355134
brake-barin,4.25000000000000,14.5392282403770,88.6631231101504,0.915516754704585,3.30523879303280,2.29251854165207,0.214480865670454,812.411740652446,1.00000000000000,0.119940536414840,0.0000372116570148670
brake-barin,4.50000000000000,15.1407049375111,89.0620435622449,0.954956473541377,1.39454668102426,0.876028000307054,0.0814887742290848,800.038774642814,1.00000000000000,0.121763146282200,0.0000105214656814496
brake-barin,4.75000000000000,15.2883459723772,89.1525744866893,0.963378248008485,0.106380566782849,0.0681927147089579,0.0118843017956008,3347.42624122407,-1.00000000000000,0.122170014035068,0.117811481491261
brake-barin,5.00000000000000,15.2042840079676,89.1044908474433,0.961618005497781,-0.762106820074214,-0.443953138626981,-0.0250776801095900,5641.01865247914,-1.00000000000000,0.122064528536232,0.208403748549075
brake-barin,5.25000000000000,14.9038098277706,88.9270984472129,0.951082103698075,-1.62525744746258,-0.970313298177772,-0.0574118669293908,5428.10466518410,-1.00000000000000,0.121671979366120,0.534943390594228
brake-barin,5.50000000000000,14.3904375625854,88.6153388456146,0.933576301126447,-2.45724445924946,-1.51606322415048,-0.0808513295681611,5666.12913127338,-1.00000000000000,0.121020623286269,0.868863743133616
brake-barin,5.75000000000000,13.6763899064078,88.1651892633870,0.911214776606099,-3.23462872706803,-2.08091254399257,-0.0968644403635868,6125.86768682929,-1.00000000000000,0.120158306712076,0.996153466565137
brake-barin,6.00000000000000,12.7734208194741,87.5695290820868,0.885593432710188,-3.97028049388883,-2.68067624129809,-0.106925399595054,6493.48214771518,-1.00000000000000,0.119097773627651,0.999895551704301
tuned-raketa,0.250000000000000,0.216752280054585,6.41333597429277,0.127497516226435,1.84220641434442,26.3079963998949,0.998627244352733,5999.46127851601,3.00000000000000,0.161187601681871,0.0886700286214419
tuned-raketa,0.500000000000000,0.958313803962382,13.1221981367338,0.451914371532705,4.06599729138034,27.3105194879884,1.41119053537512,7862.81488146489,3.00000000000000,-0.159418804575674,0.818387474207064
tuned-raketa,0.750000000000000,2.14079717541570,19.6980084294470,0.810217570318543,5.43860452170706,25.2835671238787,1.45777216898715,1037.30788058500,3.00000000000000,-0.415998410015945,0.995068515816158
tuned-raketa,1.00000000000000,3.75333318726654,25.7259720552324,1.15011676770474,7.54204147198398,22.9338762184089,1.26761076328399,2915.68919174584,3.00000000000000,-0.641378165120855,0.999866091085131
tuned-raketa,1.25000000000000,5.91327420318875,31.1184522685584,1.45212496716328,9.58620427296260,20.1794788521733,1.13341532187782,2688.32643799181,3.00000000000000,-0.655043012224496,0.999996363853799
tuned-raketa,1.50000000000000,8.48680652255356,35.7746010228999,1.70542857415548,10.8460388347608,17.0759907551493,0.881055879607192,2021.18820050567,3.00000000000000,-0.655043012224496,0.999999901264533
tuned-raketa,1.75000000000000,11.2749061515688,39.6288275531029,1.88605777171174,11.3311750935403,13.8001508401278,0.566743486721144,1438.03008059693,3.00000000000000,-0.655043012224496,0.999999997318949
tuned-raketa,2.00000000000000,14.1026773521219,42.6610514408396,1.98966750975688,11.2134079451431,10.5207539132809,0.274582143730389,1141.66292335042,3.00000000000000,-0.655043012224496,0.999999999927199
tuned-raketa,2.25000000000000,16.8622669124944,44.8819085587624,2.02451579128513,10.8445808409626,7.30629689893689,0.0132644806367243,1122.34278442045,3.00000000000000,-0.724974864693405,0.999999999998023
tuned-raketa,2.50000000000000,19.5187820378673,46.2967933570942,2.00228628315760,10.4261355638146,4.04673672296519,-0.164947725773051,1270.95327650705,3.00000000000000,-0.724974864693405,0.999999999999946
tuned-raketa,2.75000000000000,22.0789578460360,47.0043135086997,1.88806577081422,10.2765302924540,1.88702619703889,-0.751981393819341,1933.86353178629,3.00000000000000,-0.594870191371249,0.999999999999999
tuned-raketa,3.00000000000000,24.8001010204056,47.3632506113319,1.66392020269840,11.5844013705954,1.28600801849618,-1.00126687556991,3337.07596484950,3.00000000000000,-0.345716685619386,0.998237876903398
tuned-raketa,3.25000000000000,27.8147940789944,47.7997363404368,1.38755857569871,12.4610649012302,2.59782649400880,-1.25411471238297,4016.54707838300,2.00000000000000,-0.279983731715171,0.592768148784861
tuned-raketa,3.50000000000000,31.0146463841557,48.7167101081502,1.04381086183410,13.0734950903766,4.74410450998948,-1.45649158225625,7622.05412218895,2.00000000000000,-0.0338023631207723,0.988499946223620
tuned-raketa,3.75000000000000,34.3372420510347,50.1984540594118,0.684003748365390,13.3448125803878,7.17116089745662,-1.44492501507952,7855.42674823931,2.00000000000000,0.175215099630650,0.999687728954465
tuned-raketa,4.00000000000000,37.6076408942695,52.3344532127593,0.318417022630478,12.6664828263878,9.88577973436785,-1.47786913899884,7973.00072487626,2.00000000000000,0.363691992428348,0.999991520630444
tuned-raketa,4.25000000000000,40.5808047952934,55.1416724089086,-0.0456025316913366,10.9106450671508,12.4451965995581,-1.39564083335298,6419.11105392601,2.00000000000000,0.540955001907983,0.999999769752242
tuned-raketa,4.50000000000000,42.9372774126515,58.4631775151597,-0.365088323908491,7.83912438397206,13.8242637646958,-1.16862439751402,4184.42436330941,2.00000000000000,0.647126198737449,0.999999993747881
tuned-raketa,4.75000000000000,44.4549751583232,61.9326848067873,-0.632336191041205,4.38030697543699,13.7302031609775,-0.963711675642939,3053.12545497698,2.00000000000000,0.647126198737449,0.999999999830231
tuned-raketa,5.00000000000000,45.1335920524217,65.2428317214757,-0.843716865064243,1.15256899701756,12.6289095345939,-0.732489761354037,2360.15547900177,2.00000000000000,0.647126198737449,0.999999999995390
tuned-raketa,5.25000000000000,45.0444660066803,68.1807120822810,-1.00274608871736,-1.76562842609129,10.8033086976248,-0.560835375829902,1973.54648085548,2.00000000000000,0.647126198737449,0.999999999999875
tuned-raketa,5.50000000000000,44.2796802759573,70.5932084355850,-1.12810402280612,-4.24302027816164,8.47228504451639,-0.468431232456582,1945.87436772999,2.00000000000000,0.484324108036305,0.999999999999997
tuned-raketa,5.75000000000000,42.8964188504792,72.4523247056214,-1.27877398407339,-6.80080070727735,6.64400949136595,-0.825613984953415,3894.55283409758,2.00000000000000,0.272164814673382,0.999999999999999
tuned-raketa,6.00000000000000,40.8909076624321,73.9508699015850,-1.52592927215868,-9.15488319904503,5.33270004303452,-1.09934041168812,7371.79337587885,2.00000000000000,0.251237182480432,0.999999999999999
